filename,Artist,Title,genre
blues.00000.wav, John Lee Hooker," One Bourbon, One Scotch And One Beer",blues
blues.00001.wav, John Lee Hooker, I'm In The Mood For Love,blues
blues.00002.wav, John Lee Hooker, Think Twice Before You Go,blues
blues.00003.wav, John Lee Hooker, I'm Bad Like Jesse James,blues
blues.00004.wav, John Lee Hooker,N/A,blues
blues.00005.wav, John Lee Hooker, Sugar Mama,blues
blues.00006.wav, John Lee Hooker, Dreamin' Blues,blues
blues.00007.wav, John Lee Hooker, Ground Hog Blues,blues
blues.00008.wav, John Lee Hooker, Shake It Baby,blues
blues.00009.wav, John Lee Hooker, It's My Own Fault,blues
blues.00010.wav, John Lee Hooker, Lonely Boy Boogie,blues
blues.00011.wav, John Lee Hooker, It Serves Me Right To Suffer,blues
blues.00012.wav, Robert Johnson, Cross Road Blues,blues
blues.00013.wav, Robert Johnson, Terraplane Blues,blues
blues.00014.wav, Robert Johnson, Come On In My Kitchen,blues
blues.00015.wav, Robert Johnson, Walking blues,blues
blues.00016.wav, Robert Johnson, Last Fair Deal Gone Down,blues
blues.00017.wav, Robert Johnson, 32-20 Blues,blues
blues.00018.wav, Robert Johnson, Kind Hearted Woman Blues,blues
blues.00019.wav, Robert Johnson, If I Had Possession Over Judgement Day,blues
blues.00020.wav, Robert Johnson, Preachin' Blues,blues
blues.00021.wav, Robert Johnson, When You Got A Good Friend,blues
blues.00022.wav, Robert Johnson, Ramblin' On My Mind,blues
blues.00023.wav, Robert Johnson, Stones In My Passway,blues
blues.00024.wav, Robert Johnson, Traveling Riverside Blues,blues
blues.00025.wav, Robert Johnson, Milkcow's Calf Blues,blues
blues.00026.wav, Robert Johnson, Me And The Devil Blues,blues
blues.00027.wav, Robert Johnson, Hell Hound On My Trail,blues
blues.00028.wav, Robert Johnson, Traveling Riverside Blues,blues
blues.00029.wav, Kelly Joe Phelps, The House Carpenter,blues
blues.00030.wav, Kelly Joe Phelps, River Rat Jimmy,blues
blues.00031.wav, Kelly Joe Phelps, Hobo's Son,blues
blues.00032.wav, Kelly Joe Phelps, Katy,blues
blues.00033.wav, Kelly Joe Phelps, Wandering Away,blues
blues.00034.wav, Kelly Joe Phelps, Dock Boggs Country Blues,blues
blues.00035.wav, Kelly Joe Phelps, Capman Bootman,blues
blues.00036.wav, Kelly Joe Phelps, Train Carried My Girl From Town,blues
blues.00037.wav, Kelly Joe Phelps, Piece By Piece,blues
blues.00038.wav, Kelly Joe Phelps, Many A Time,blues
blues.00039.wav, Kelly Joe Phelps, Goodnight Irene,blues
blues.00040.wav, Stevie Ray Vaughan, Love Struck Baby,blues
blues.00041.wav, Stevie Ray Vaughan, Pride and Joy,blues
blues.00042.wav, Stevie Ray Vaughan, Texas Flood,blues
blues.00043.wav, Stevie Ray Vaughan, Tell Me,blues
blues.00044.wav, Stevie Ray Vaughan, Testify,blues
blues.00045.wav, Stevie Ray Vaughan, Rude Mood,blues
blues.00046.wav, Stevie Ray Vaughan, Mary Had A Little Lamb,blues
blues.00047.wav, Stevie Ray Vaughan, Dirty Pool,blues
blues.00048.wav, Stevie Ray Vaughan, I'm Cryin',blues
blues.00049.wav, Stevie Ray Vaughan, Lenny,blues
blues.00050.wav, Magic Slim & The Teardrops, What's Wrong,blues
blues.00051.wav, Magic Slim & The Teardrops, Snakebite,blues
blues.00052.wav, Magic Slim & The Teardrops, Please Don't Dog Me,blues
blues.00053.wav, Magic Slim & The Teardrops, Key To Your Door,blues
blues.00054.wav, Magic Slim & The Teardrops, Shake It,blues
blues.00055.wav, Magic Slim & The Teardrops, I Ain't Looking for No Love,blues
blues.00056.wav, Magic Slim & The Teardrops, Country Boy,blues
blues.00057.wav, Magic Slim & The Teardrops, Lump On Your Stump,blues
blues.00058.wav, Magic Slim & The Teardrops, Lonesome Trouble,blues
blues.00059.wav, Magic Slim & The Teardrops, The Man You Need,blues
blues.00060.wav, Magic Slim & The Teardrops, Mind Your Own Business,blues
blues.00061.wav, Clifton Chenier, Boppin' The Rock,blues
blues.00062.wav, Clifton Chenier, The Things I Did for You,blues
blues.00063.wav, Clifton Chenier, Yesterday (I Lost My Best Friend),blues
blues.00064.wav, Clifton Chenier, Clifton's Squeeze-box Boogie,blues
blues.00065.wav, Clifton Chenier, I'm On My Way (Back Home To You),blues
blues.00066.wav, Clifton Chenier, Ay-Te Te Fee,blues
blues.00067.wav, Clifton Chenier, All Night Long,blues
blues.00068.wav, Clifton Chenier, Opelousas Hop,blues
blues.00069.wav, Clifton Chenier," I'm On My Way, Part 2",blues
blues.00070.wav, Clifton Chenier, Think It Over,blues
blues.00071.wav, Clifton Chenier, Zodico Stomp,blues
blues.00072.wav, Clifton Chenier, The Cats Dreamin',blues
blues.00073.wav, Buckwheat Zydeco, Turning Point,blues
blues.00074.wav, Buckwheat Zydeco, Zydeco Boogaloo,blues
blues.00075.wav, Buckwheat Zydeco, Ya Ya,blues
blues.00076.wav, Buckwheat Zydeco, Buck's Nouvelle Jole Blon,blues
blues.00077.wav, Buckwheat Zydeco, On A Night Like This,blues
blues.00078.wav, Buckwheat Zydeco, Hot Tamale Baby,blues
blues.00079.wav, Buckwheat Zydeco, Ma Tit Fille,blues
blues.00080.wav, Buckwheat Zydeco, Hey Good Lookin',blues
blues.00081.wav, Buckwheat Zydeco, Buck's Hot Rod,blues
blues.00082.wav, Buckwheat Zydeco,N/A,blues
blues.00083.wav, Buckwheat Zydeco,N/A,blues
blues.00084.wav, Buckwheat Zydeco,N/A,blues
blues.00085.wav, Hot Toddy, Crow Jane,blues
blues.00086.wav, Hot Toddy, Cross Cut Saw,blues
blues.00087.wav, Hot Toddy, Right From The Start,blues
blues.00088.wav, Hot Toddy, She's My Girl,blues
blues.00089.wav, Hot Toddy, I Wish You Would,blues
blues.00090.wav, Hot Toddy, One More Night,blues
blues.00091.wav, Hot Toddy, Rescue Me,blues
blues.00092.wav, Hot Toddy, Neighbors Land,blues
blues.00093.wav, Hot Toddy, Mermaids Flirt With Me,blues
blues.00094.wav, Hot Toddy, My Babe,blues
blues.00095.wav, Hot Toddy, Down By The Riverside,blues
blues.00096.wav, Hot Toddy, Long Distance,blues
blues.00097.wav, Hot Toddy, T-Bone Shuffle,blues
blues.00098.wav, Albert Collins, Iceman,blues
blues.00099.wav, Albert Collins, Lights Are On But Nobody's Home,blues
classical.00000.wav, JS Bach," Concert for oboe, BWV 1053",classical
classical.00001.wav, JS Bach," Concert for oboe, BWV 1053",classical
classical.00002.wav, JS Bach," Concert for oboe, BWV 1053",classical
classical.00003.wav, JS Bach," Ich steh mit einem Fuss im Grabe, BWV 156 Sinfonia",classical
classical.00004.wav, JS Bach,N/A,classical
classical.00005.wav, JS Bach,N/A,classical
classical.00006.wav, JS Bach,N/A,classical
classical.00007.wav, JS Bach,N/A,classical
classical.00008.wav, JS Bach,N/A,classical
classical.00009.wav, JS Bach,N/A,classical
classical.00010.wav, JS Bach,N/A,classical
classical.00011.wav, Mozart," Symphony No.36 in C, K.425, ""Linz"", Adagio, Allegro spiritoso",classical
classical.00012.wav, Mozart," Symphony No.36 in C, K.425, ""Linz"", Andante",classical
classical.00013.wav, Mozart," Symphony No.36 in C, K.425, ""Linz"", Menuetto",classical
classical.00014.wav, Mozart," Symphony No.36 in C, K.425, ""Linz"", Finale (Presto)",classical
classical.00015.wav, Mozart," Symphony No.38 in D, K.504, ""Prague"", Adagio, Allegro",classical
classical.00016.wav, Mozart," Symphony No.38 in D, K.504, ""Prague"", Andante",classical
classical.00017.wav, Mozart," Symphony No.38 in D, K.504, ""Prague"", Finale (Presto)",classical
classical.00018.wav, Mozart," Symphony No.39 in E flat, K.543, Adagio, Allegro",classical
classical.00019.wav, Mozart," Symphony No.39 in E flat, K.543, Andante con moto",classical
classical.00020.wav, Mozart," Symphony No.39 in E flat, K.543, Menuetto (Allegretto)",classical
classical.00021.wav, Mozart," Symphony No.39 in E flat, K.543, Finale (Allegro)",classical
classical.00022.wav, Mozart," Symphony No.40 in G minor, K.550, Molto allegro",classical
classical.00023.wav, Mozart," Symphony No.40 in G minor, K.550, Andante",classical
classical.00024.wav, Mozart," Symphony No.40 in G minor, K.550, Menuetto (Allegretto)",classical
classical.00025.wav, Mozart," Symphony No.40 in G minor, K.550, Finale (Allegro assai)",classical
classical.00026.wav, Mozart," Symphony No.41 in C, K.551, ""Jupiter"", Allegro vivace",classical
classical.00027.wav, Mozart," Symphony No.41 in C, K.551, ""Jupiter"", Andante cantabile",classical
classical.00028.wav, Mozart," Symphony No.41 in C, K.551, ""Jupiter"", Menuetto (Allegretto)",classical
classical.00029.wav, Mozart," Symphony No.41 in C, K.551, ""Jupiter"", Molto allegro",classical
classical.00030.wav, Claude Debussy," Quartet in G minor for Strings, Op. 10, Anime et tres decide",classical
classical.00031.wav, Claude Debussy," Quartet in G minor for Strings, Op. 10, Assez vif et bien rythme",classical
classical.00032.wav, Claude Debussy," Quartet in G minor for Strings, Op. 10, Andantino, doucement expressif",classical
classical.00033.wav, Claude Debussy," Quartet in G minor for Strings, Op. 10, Tres modere, Tres mouvemente et avec passion, Tres anime, Tres vii",classical
classical.00034.wav, Maurice Ravel," Quartet in F Major for Strings, Allegro moderato. Tres doux",classical
classical.00035.wav, Maurice Ravel," Quartet in F Major for Strings, Assez vif - Tres rythme",classical
classical.00036.wav, Maurice Ravel," Quartet in F Major for Strings, Tres lent",classical
classical.00037.wav, Maurice Ravel," Quartet in F Major for Strings, Vif et agite",classical
classical.00038.wav, Henri Dutilleux, Ainsi la nuit for String Quartet: I. Nocturne,classical
classical.00039.wav, Henri Dutilleux, Ainsi la nuit for String Quartet: II. Miroir d'espace,classical
classical.00040.wav, Henri Dutilleux, Ainsi la nuit for String Quartet: IV. Litanies 2,classical
classical.00041.wav, Henri Dutilleux, Ainsi la nuit for String Quartet: VII. Temps suspendu,classical
classical.00042.wav, Giovanni Gabrieli, Canzon XIII,classical
classical.00043.wav, Richard Strauss," Konzert Fur Waldhorn Mit Orchester, Op. 11, Allegro",classical
classical.00044.wav, George Gershwin, Rhapsody in Blue,classical
classical.00045.wav, Richard Strauss, Fuge FÃ¼r Klavier,classical
classical.00046.wav, Karol Szymanowski," Violin Concerto No. 1, Op. 35",classical
classical.00047.wav, Leonard Bernstein," On the Town, Three Dance Episodes, Lonely town",classical
classical.00048.wav, George Gershwin, Rhapsody in Blue,classical
classical.00049.wav, Beethoven," Symphony No.1 in C, Op.21, Finale (Adagio - Allegro molto e vivace)",classical
classical.00050.wav, Samuel Barber, Adagio for Strings,classical
classical.00051.wav, Tchaikovsky," Symphony 6, mvt. 1",classical
classical.00052.wav, Leonard Bernstein, Candide Overture,classical
classical.00053.wav, Giovanni Gabrieli, Canzon XIII,classical
classical.00054.wav, Verdi," Rigoletto, Act 2, Tutte le feste al tiempo",classical
classical.00055.wav, Leonard Bernstein," Symphonic dances from West Side Story, Somewhere",classical
classical.00056.wav, Giovanni Rovetta, Solemn Mass for Feast of Santa Maria della Salute,classical
classical.00057.wav, Leonard Bernstein," Symphonic dances from West Side Story, Scherzo",classical
classical.00058.wav, Erik Satie,  Gymnopedies no. 3,classical
classical.00059.wav,N/A,N/A,classical
classical.00060.wav, Erik Satie, La Belle Excentrique,classical
classical.00061.wav,N/A,N/A,classical
classical.00062.wav,N/A,N/A,classical
classical.00063.wav, Franz Schubert," Piano Sonata No.21 in B flat, D.960, Molto moderato",classical
classical.00064.wav, Franz Schubert," Piano Sonata No.21 in B flat, D.960, Andante sostenuto",classical
classical.00065.wav, Franz Schubert," Piano Sonata No.21 in B flat, D.960, Scherzo",classical
classical.00066.wav, Franz Schubert," Piano Sonata No.21 in B flat, D.960, Allegro ma non troppo",classical
classical.00067.wav, Franz Schubert," Fantasy In C Major, ""Wanderer"", Allegro Con Fuoco Ma Non Troppo",classical
classical.00068.wav, Franz Joseph Haydn," Symphony No. 26 in D minor, ""Lamentatione"", Allegro assai con spirito",classical
classical.00069.wav, Franz Joseph Haydn," Symphony No. 26 in D minor, ""Lamentatione"", Adagio",classical
classical.00070.wav, Franz Joseph Haydn," Symphony No. 26 in D minor, ""Lamentatione"", Minuet and Trio",classical
classical.00071.wav, Franz Joseph Haydn," Symphony No. 35 in B flat major, Allegro di molto",classical
classical.00072.wav, Franz Joseph Haydn," Symphony No. 35 in B flat major, Andante",classical
classical.00073.wav, Franz Joseph Haydn," Symphony No. 35 in B flat major, Minuet and Trio",classical
classical.00074.wav, Franz Joseph Haydn," Symphony No. 35 in B flat major, Presto",classical
classical.00075.wav, Franz Joseph Haydn," Symphony No. 49 in F minor, Adagio",classical
classical.00076.wav, Franz Joseph Haydn," Symphony No. 49 in F minor, Allegro di molto",classical
classical.00077.wav, Beethoven," Piano Sonata No.8, ""Pathetique"", Grave",classical
classical.00078.wav, Beethoven," Piano Sonata No.8, ""Pathetique"", Adagio cantabile",classical
classical.00079.wav, Beethoven," Piano Sonata No.8, ""Pathetique"", Rondo, allegro",classical
classical.00080.wav, Tchaikovsky," Symphony 6, mvt. 1",classical
classical.00081.wav, Tchaikovsky," Symphony 6, mvt. 2",classical
classical.00082.wav, Percy Grainger, Hill-Song No. 2,classical
classical.00083.wav, Percy Grainger, Ye Banks and Braes o'Bonnie Doon,classical
classical.00084.wav, Percy Grainger, Let's Dance Gay in Green Meadow,classical
classical.00085.wav, Percy Grainger, Lads of Wamphray March,classical
classical.00086.wav, Percy Grainger, Shepherd's Hey,classical
classical.00087.wav, Percy Grainger, The Merry King,classical
classical.00088.wav, Percy Grainger, Molly on the Shore,classical
classical.00089.wav, Vivaldi," The Four Seasons, Op. 8: Spring: Allegro I.",classical
classical.00090.wav, Vivaldi," The Four Seasons, Op. 8: Spring: Largo e pianissimo sempre II.",classical
classical.00091.wav, Vivaldi," The Four Seasons, Op. 8: Spring: Allegro III.",classical
classical.00092.wav, Vivaldi,N/A,classical
classical.00093.wav, Vivaldi,N/A,classical
classical.00094.wav, Vivaldi," The Four Seasons, Op. 8: Summer: Allegro non molto; Allegro I.",classical
classical.00095.wav, Vivaldi," The Four Seasons, Op. 8: Summer: Adaio; Presto II.",classical
classical.00096.wav, Vivaldi," The Four Seasons, Op. 8: Summer: Presto - Tempo impetuoso d'estate III.",classical
classical.00097.wav, Vivaldi," Violin Concerto in A minor Op. 3 No. 6, first movement",classical
classical.00098.wav, Vivaldi," The Four Seasons, Op. 8: Autumn: Allegro I.",classical
classical.00099.wav, Vivaldi," The Four Seasons, Op. 8: Autumn: Adagio molto II.",classical
country.00000.wav, Faith Hill, Just To Hear You Say That You Love Me,country
country.00001.wav, Patty Loveless, That's the Kind of Mood I'm In,country
country.00002.wav,N/A, I Wish I Had A Nickel,country
country.00003.wav, Garth Brooks, If tomorrow never comes,country
country.00004.wav, Suzy Bogguss, Outbound Plane,country
country.00005.wav, Shania Twain, You Win My Love,country
country.00006.wav, John Anderson, Straight Tequila Night,country
country.00007.wav, Travis Tritt, Best Of Intentions,country
country.00008.wav, Vince Gill, Never Knew Lonely,country
country.00009.wav, The Clark Family Experience," Meanwhile, back at the ranch",country
country.00010.wav, Don Gibson, I Can't Stop Loving You,country
country.00011.wav, Patsy Cline," A Church, a Courtroom, and Then Goodbye",country
country.00012.wav, Billy Joe Shaver, Music City,country
country.00013.wav, Loretta Lynn, Let Your Love Flow,country
country.00014.wav, Nina Martinique, Silver Threads And Golden Needles,country
country.00015.wav, George Jones, White Lightening,country
country.00016.wav, Johnny Cash, I Walk The Line,country
country.00017.wav, Floyd Cramer, San Antonio Rose,country
country.00018.wav, Billie Jo Spears, I'm Gonna Be A Country Girl Again,country
country.00019.wav, Willie Nelson, Shelter Of My Arms,country
country.00020.wav, Ray Peterson, Tell Laura I Love Her,country
country.00021.wav, Burt Bacharach, Raindrops Keep Falling on my Head,country
country.00022.wav, Karl Denver, Love Me With All Your Heart,country
country.00023.wav, Kenny Rogers, Today I Started Loving You Again,country
country.00024.wav, Hank Williams, Your Cheatin' Heart,country
country.00025.wav, Emmylou Harris, Love Hurts,country
country.00026.wav, Willie Nelson, Home Is Where You're Happy,country
country.00027.wav, Billy Joe Shaver, Chicken On The Ground,country
country.00028.wav, Jerry Lee Lewis, Would You Take Another Chance On Me,country
country.00029.wav, Johnny Rodriguez, Ridin' My Thumb To Mexico,country
country.00030.wav,N/A,N/A,country
country.00031.wav,N/A, Come On Joe,country
country.00032.wav, Sonny Throckmorton, The Last Cheaters Waltz,country
country.00033.wav, The Kendalls, Teach me to cheat,country
country.00034.wav, Merle Haggard, Sally let your bangs hang down,country
country.00035.wav, The Statler Brothers, Oh Baby Mine (I Get So Lonely),country
country.00036.wav, Johnny Paycheck, Old Violin,country
country.00037.wav, Larry Boone, Don't give candy to a stranger,country
country.00038.wav,N/A, Our Last Night,country
country.00039.wav, Wayne Toups & Zydecajun , Johnnie Can't Dance,country
country.00040.wav, Kentucky Headhunters, Dumas Walker,country
country.00041.wav, Johnny Cash, Goin' By The Book,country
country.00042.wav, Normaltown Flyers, Rockin' The Love Boat,country
country.00043.wav, Sammy Kershaw, Cadillac Style,country
country.00044.wav, Wesley Dennis, It Ain't Fair,country
country.00045.wav, Shania Twain, Any Man Of Mine,country
country.00046.wav, Jimmie Skinner, I Found My Girl In The USA,country
country.00047.wav,N/A, I Found My Girl In The USA,country
country.00048.wav, Johnny Preston, Running Bear,country
country.00049.wav, George Jones, Out Of Control,country
country.00050.wav, Vince Gill, Never Alone,country
country.00051.wav, Vince Gill, Never Knew Lonely,country
country.00052.wav, Vince Gill, When I Call Your Name,country
country.00053.wav, Vince Gill, Liza Jane,country
country.00054.wav, Vince Gill, Look At Us,country
country.00055.wav, Vince Gill, Take Your Memory With You,country
country.00056.wav, Vince Gill, Pocket Full Of Gold,country
country.00057.wav, Vince Gill, The Heart Won't Lie,country
country.00058.wav, Vince Gill, Don't Let Our Love Start Slippin' Away,country
country.00059.wav, Vince Gill, I Still Believe In You,country
country.00060.wav, Vince Gill, No Future In The Past,country
country.00061.wav, Vince Gill, Tryin' To Get Over You,country
country.00062.wav, Vince Gill, One More Last Chance,country
country.00063.wav, Vince Gill, I Can't Tell You Why,country
country.00064.wav, Vince Gill, I Will Always Love You,country
country.00065.wav, Willie Nelson, Blue Eyes Crying In The Rain,country
country.00066.wav, Willie Nelson, If You've Got The Money I've Got The Time,country
country.00067.wav, Willie Nelson, Georgia On My Mind,country
country.00068.wav, Willie Nelson, Blue Skies,country
country.00069.wav, Willie Nelson, My Heroes Have Always Been Cowboys,country
country.00070.wav, Willie Nelson, On the road again,country
country.00071.wav, Willie Nelson, Always On My Mind,country
country.00072.wav, Willie Nelson, City Of New Orleans,country
country.00073.wav, Willie Nelson, Forgiving You Was Easy,country
country.00074.wav, Willie Nelson, Living In The Promiseland,country
country.00075.wav, Willie Nelson, Midnight Rider,country
country.00076.wav, Willie Nelson, Remember Me (When The Candle Lights Are Gleaming),country
country.00077.wav, Willie Nelson, Uncloudy Day,country
country.00078.wav, Willie Nelson, Angel Flying Too Close To The Ground,country
country.00079.wav, Willie Nelson, The Last Thing I Needed First Thing This Morning,country
country.00080.wav, Willie Nelson, Nothing I Can Do About It Now,country
country.00081.wav, Brad Paisley, Long Sermon,country
country.00082.wav, Brad Paisley, Me Neither,country
country.00083.wav, Brad Paisley, Who Needs Pictures,country
country.00084.wav, Brad Paisley, Don't Breathe,country
country.00085.wav, Brad Paisley, He Didn't Have To Be,country
country.00086.wav, Brad Paisley, It Never Woulda Worked Out Anyway,country
country.00087.wav, Brad Paisley, Holdin' On To You,country
country.00088.wav, Brad Paisley, I've Been Better,country
country.00089.wav, Brad Paisley, We Danced,country
country.00090.wav, Brad Paisley, Sleepin' On The Foldout,country
country.00091.wav, Brad Paisley, Cloud Of Dust,country
country.00092.wav, Brad Paisley, The Nervous Breakdown,country
country.00093.wav, Brad Paisley, In the Garden,country
country.00094.wav, George Strait, I Just Want To Dance With You,country
country.00095.wav, George Strait, One Step At A Time,country
country.00096.wav, George Strait, True,country
country.00097.wav, George Strait, Remember The Alamo,country
country.00098.wav, George Strait, Maria,country
country.00099.wav, George Strait, We Really Shouldn't Be Doing This,country
disco.00000.wav, Boz Scaggs, Lowdown,disco
disco.00001.wav, Gloria Gaynor, I Will Survive,disco
disco.00002.wav, Archie Bell and The Drells, Look Back Over Your Shoulder,disco
disco.00003.wav, Don Armando, Deputy of Love,disco
disco.00004.wav, Carl Douglas, Run Back,disco
disco.00005.wav, Odyssey, Native New Yorker,disco
disco.00006.wav, Alec R. Costandinos, Romeo And Juliet,disco
disco.00007.wav, Miquel Brown," So Many Men, So Little Time",disco
disco.00008.wav, Ashford & Simpson, Found A Cure,disco
disco.00009.wav, Osibisa, Get Up,disco
disco.00010.wav, Cheryl Lynn, Encore,disco
disco.00011.wav, Billy Ocean, Can You Feel It,disco
disco.00012.wav, Carl Carlton, She's A Bad Mama Jama,disco
disco.00013.wav, Donna Summer, Back Off Boogaloo,disco
disco.00014.wav, Bee Gees, Staying Alive,disco
disco.00015.wav, Heatwave, Boogie Nights,disco
disco.00016.wav, Earth Wind and Fire, Sing a Song,disco
disco.00017.wav, Ottawan, You're Ok,disco
disco.00018.wav,N/A,N/A,disco
disco.00019.wav, New York City, I'm Doing Fine Now,disco
disco.00020.wav, Clarence Carter, Patches,disco
disco.00021.wav, Gloria Gaynor, Never Can Say Goodbye,disco
disco.00022.wav, The Gibson Brothers, Ooh! What A Life,disco
disco.00023.wav, Latoya Jackson, Playboy (Be Me),disco
disco.00024.wav, Ottawan," Help, Get Me Some Help",disco
disco.00025.wav, Evelyn Thomas, High Energy,disco
disco.00026.wav, Latoya Jackson, (Baby) Do The Salsa,disco
disco.00027.wav, The Sugarhill Gang, Rapper's Delight,disco
disco.00028.wav, The Gibson Brothers, Better Do It Salsa,disco
disco.00029.wav, Evelyn Thomas, Heartless,disco
disco.00030.wav, The Gibson Brothers, Latin America,disco
disco.00031.wav, The Three Degrees,N/A,disco
disco.00032.wav, David Christie, Saddle Up,disco
disco.00033.wav, The Tymes, You Little Trustmaker,disco
disco.00034.wav, Evelyn Thomas, Reflections,disco
disco.00035.wav, The Gibson Brothers, Cuba,disco
disco.00036.wav,N/A,N/A,disco
disco.00037.wav, The Gibson Brothers, Que Sera Mi Vida,disco
disco.00038.wav, Gloria Gaynor, I Am What I Am,disco
disco.00039.wav, George McCrae, I Can't Leave You Alone,disco
disco.00040.wav,N/A,N/A,disco
disco.00041.wav, Heatwave, Always and Forever,disco
disco.00042.wav, Disco Tex & The Sex-O-Lettes, I Wanna Dance Wit' Choo,disco
disco.00043.wav, Harold Melvin & The Blue Notes, Satisfaction Guaranteed,disco
disco.00044.wav, Ottawan, Hands Up (Give Me Your Heart),disco
disco.00045.wav, Ottawan, D.i.s.c.o.,disco
disco.00046.wav, Donna Summer, Hot Stuff,disco
disco.00047.wav, Barbra Streisand and Donna Summer, No More Tears (Enough Is Enough),disco
disco.00048.wav, Carl Douglas, Kung Fu Fighting,disco
disco.00049.wav, KC and The Sunshine Band, Boogie Shoes,disco
disco.00050.wav, KC and The Sunshine Band, That's The Way (I Like It),disco
disco.00051.wav, KC and The Sunshine Band, That's The Way (I Like It),disco
disco.00052.wav, Village People, In the Navy,disco
disco.00053.wav, Amii Stewart, Knock On Wood,disco
disco.00054.wav, Chic, I Want Your Love,disco
disco.00055.wav, The Trammps, Disco Inferno,disco
disco.00056.wav, Earth Wind and Fire, Fantasy,disco
disco.00057.wav,N/A, Auld Lang Syne,disco
disco.00058.wav,N/A,N/A,disco
disco.00059.wav, Earth Wind and Fire, Let's Groove Tonight,disco
disco.00060.wav, The Trammps, Disco Inferno,disco
disco.00061.wav, Anita Ward, Ring My Bell,disco
disco.00062.wav, Peter Brown, Dance With Me,disco
disco.00063.wav, Boney M., She's Crazy Like a Fool,disco
disco.00064.wav," Lipps, Inc.", Funkytown,disco
disco.00065.wav,N/A,N/A,disco
disco.00066.wav, Peaches and Herb, Shake Your Groove Thing,disco
disco.00067.wav, ABBA, Dancing Queen,disco
disco.00068.wav, ABBA, Take A Chance On Me,disco
disco.00069.wav, Peaches and Herb, Shake Your Groove Thing,disco
disco.00070.wav, KC and The Sunshine Band , That's The Way (I Like It),disco
disco.00071.wav, KC and The Sunshine Band, Get Down Tonight,disco
disco.00072.wav, ABBA, Mamma Mia,disco
disco.00073.wav, KC and The Sunshine Band, I'm Your Boogie Man,disco
disco.00074.wav, KC and The Sunshine Band, Get Down Tonight,disco
disco.00075.wav, Village People, Macho Man,disco
disco.00076.wav, Love and Kisses, Thank God It's Friday,disco
disco.00077.wav, Tavares, Heaven must be missing an angel,disco
disco.00078.wav, Gloria Gaynor, I Am What I Am,disco
disco.00079.wav, Peter Brown, Love Is Just The Game,disco
disco.00080.wav,N/A,N/A,disco
disco.00081.wav,N/A,N/A,disco
disco.00082.wav, GQ, Disco Nights (Rock-Freak),disco
disco.00083.wav, Rick Dees, Disco Duck,disco
disco.00084.wav,N/A,N/A,disco
disco.00085.wav, Tom Tom Club, Wordy Rappinghood,disco
disco.00086.wav, Alicia Bridges, I love the night life,disco
disco.00087.wav, The Supremes, He's My Man,disco
disco.00088.wav, Meco, Star Wars Theme,disco
disco.00089.wav, The Trammps, Disco Inferno,disco
disco.00090.wav, Village People, Fire Island,disco
disco.00091.wav, Silver Convention, Fly Robin Fly,disco
disco.00092.wav, Blondie, Heart Of Glass,disco
disco.00093.wav, Van McCoy, The Hustle,disco
disco.00094.wav, Bronski Beat, WHY?,disco
disco.00095.wav, Donna Summer, Bad Girls,disco
disco.00096.wav, Shirley & Company," Shame, Shame, Shame",disco
disco.00097.wav,N/A,N/A,disco
disco.00098.wav, Boney M., Rasputin,disco
disco.00099.wav, Boney M., Rasputin,disco
hiphop.00000.wav, Afrika Bambaataa, Looking for the Perfect Beat,hiphop
hiphop.00001.wav, Wu-Tang Clan, Triumph,hiphop
hiphop.00002.wav, De La Soul, Buddy,hiphop
hiphop.00003.wav, Ice Cube, Friday,hiphop
hiphop.00004.wav, De La Soul, It Ain't All Good,hiphop
hiphop.00005.wav, Ice Cube, We Be Clubbin' (DMX Jungle remix),hiphop
hiphop.00006.wav, Ice Cube, You Can Do It,hiphop
hiphop.00007.wav, Wu-Tang Clan, Gravel Pit,hiphop
hiphop.00008.wav, Beastie Boys, Slow And Low,hiphop
hiphop.00009.wav, Beastie Boys, Shake Your Rump,hiphop
hiphop.00010.wav, Beastie Boys, Skills To Pay The Bills,hiphop
hiphop.00011.wav, Beastie Boys, Root Down,hiphop
hiphop.00012.wav, Beastie Boys, Sure Shot,hiphop
hiphop.00013.wav, Beastie Boys, Body Movin' (Fatboy Slim Remix),hiphop
hiphop.00014.wav, Beastie Boys, Fight For Your Right,hiphop
hiphop.00015.wav, Beastie Boys, Bodhisattva Vow,hiphop
hiphop.00016.wav, Beastie Boys, Alive,hiphop
hiphop.00017.wav, Beastie Boys, Jimmy James,hiphop
hiphop.00018.wav, Beastie Boys, Three MC's and One DJ,hiphop
hiphop.00019.wav, Beastie Boys, Shadrach,hiphop
hiphop.00020.wav, Beastie Boys, Brass Monkey,hiphop
hiphop.00021.wav, Beastie Boys, The Negotiation Limerick File,hiphop
hiphop.00022.wav, Beastie Boys, Get It Together,hiphop
hiphop.00023.wav, Beastie Boys, Remote Control,hiphop
hiphop.00024.wav, Beastie Boys, Hey Ladies,hiphop
hiphop.00025.wav, Beastie Boys, Intergalactic,hiphop
hiphop.00026.wav, 3LW, No More (Baby I'ma Do Right),hiphop
hiphop.00027.wav, The Ambassador, One-Two,hiphop
hiphop.00028.wav, Dirt, Divine Lines,hiphop
hiphop.00029.wav, Aaliyah, Try Again,hiphop
hiphop.00030.wav,N/A,N/A,hiphop
hiphop.00031.wav, Pink, Can't Take Me Home,hiphop
hiphop.00032.wav, De La Soul, Buddy,hiphop
hiphop.00033.wav, Dr Dre, The Next Episode,hiphop
hiphop.00034.wav, Nice & Smooth, Hip Hop Junkies,hiphop
hiphop.00035.wav, Allen Iverson, 40 Bars,hiphop
hiphop.00036.wav, Beastie Boys, Brass Monkey,hiphop
hiphop.00037.wav, Lil Bow Wow, Bounce With Me,hiphop
hiphop.00038.wav, 2Pac, California Love,hiphop
hiphop.00039.wav, Lauryn Hill," Every Ghetto, Every City",hiphop
hiphop.00040.wav, Lauryn Hill, Ex-Factor,hiphop
hiphop.00041.wav, Wu-Tang Clan, Dog Shit,hiphop
hiphop.00042.wav, Wu-Tang Clan, Triumph,hiphop
hiphop.00043.wav, Wyclef Jean, Anything Can Happen,hiphop
hiphop.00044.wav, Wyclef Jean, Guantanamera,hiphop
hiphop.00045.wav, Lauryn Hill," Every Ghetto, Every City",hiphop
hiphop.00046.wav, A Tribe Called Quest, Check The Rhime,hiphop
hiphop.00047.wav, A Tribe Called Quest, Award Tour,hiphop
hiphop.00048.wav, A Tribe Called Quest, Can I Kick It?,hiphop
hiphop.00049.wav, A Tribe Called Quest, Scenario,hiphop
hiphop.00050.wav, A Tribe Called Quest, Electric Relaxation,hiphop
hiphop.00051.wav, A Tribe Called Quest, Luck Of Lucien,hiphop
hiphop.00052.wav,N/A,N/A,hiphop
hiphop.00053.wav,N/A,N/A,hiphop
hiphop.00054.wav,N/A,N/A,hiphop
hiphop.00055.wav, Cypress Hill, I want to get high,hiphop
hiphop.00056.wav, Cypress Hill, I Ain't Goin' Out Like That,hiphop
hiphop.00057.wav, Cypress Hill, Lick A Shot,hiphop
hiphop.00058.wav, Cypress Hill, Lil' Putos,hiphop
hiphop.00059.wav, Cypress Hill, Hits From The Bong,hiphop
hiphop.00060.wav, Cypress Hill," What Go Around Come Around, Kid",hiphop
hiphop.00061.wav, Cypress Hill, A to the K,hiphop
hiphop.00062.wav, A Tribe Called Quest, Keeping It Moving,hiphop
hiphop.00063.wav, A Tribe Called Quest, Find A Way,hiphop
hiphop.00064.wav, A Tribe Called Quest, Sucka Nigga,hiphop
hiphop.00065.wav, A Tribe Called Quest, Check The Rhime,hiphop
hiphop.00066.wav, A Tribe Called Quest, Bonita Applebum,hiphop
hiphop.00067.wav, A Tribe Called Quest, Award Tour,hiphop
hiphop.00068.wav, A Tribe Called Quest, Can I Kick It?,hiphop
hiphop.00069.wav, A Tribe Called Quest, Scenario,hiphop
hiphop.00070.wav, A Tribe Called Quest, Buggin' Out,hiphop
hiphop.00071.wav, A Tribe Called Quest, If The Papes Come,hiphop
hiphop.00072.wav, A Tribe Called Quest, Electric Relaxation,hiphop
hiphop.00073.wav, A Tribe Called Quest, Jazz (We've Got),hiphop
hiphop.00074.wav, A Tribe Called Quest, I Left My Wallet In El Segundo,hiphop
hiphop.00075.wav, A Tribe Called Quest, Stressed Out,hiphop
hiphop.00076.wav, 50 Cent, Thug Love,hiphop
hiphop.00077.wav, Busta Rhymes, What's It Gonna Be?,hiphop
hiphop.00078.wav, 50 Cent, Thug Love,hiphop
hiphop.00079.wav, Eminem, The Real Slim Shady,hiphop
hiphop.00080.wav, Eminem, Marshall Mathers,hiphop
hiphop.00081.wav, Public Enemy, Contract on the World Love Jam,hiphop
hiphop.00082.wav, Public Enemy, Brothers Gonna Work It Out,hiphop
hiphop.00083.wav, Public Enemy, 911 Is A Joke,hiphop
hiphop.00084.wav, Public Enemy, Incident At 66.6 FM,hiphop
hiphop.00085.wav, Public Enemy, Welcome To The Terrordome,hiphop
hiphop.00086.wav, Public Enemy, Pollywanacraka,hiphop
hiphop.00087.wav, Public Enemy, Anti-Nigger Machine,hiphop
hiphop.00088.wav, Public Enemy, Burn Hollywood Burn,hiphop
hiphop.00089.wav, Public Enemy, Power To The People,hiphop
hiphop.00090.wav, Public Enemy, Who Stole the Soul,hiphop
hiphop.00091.wav, Public Enemy, Fear of a Black Planet,hiphop
hiphop.00092.wav, Public Enemy, Revolutionary Generation,hiphop
hiphop.00093.wav, Public Enemy," Can't Do Nuttin' For Ya, Man!",hiphop
hiphop.00094.wav, Public Enemy, Reggie Jax,hiphop
hiphop.00095.wav, Public Enemy, Leave This off Your Fu*kin Charts,hiphop
hiphop.00096.wav, Public Enemy, B Side Wins Again,hiphop
hiphop.00097.wav, Public Enemy, War At 33 1/3,hiphop
hiphop.00098.wav, Public Enemy, Fight the Power,hiphop
hiphop.00099.wav, RUN-DMC, Let's Stay Together (Together Forever),hiphop
jazz.00000.wav, Leonard Bernstein," On the Town: Three Dance Episodes, The great lover",jazz
jazz.00001.wav, Leonard Bernstein," Symphonic dances from West Side Story, Prologue",jazz
jazz.00002.wav, James Carter, 'Round Midnight,jazz
jazz.00003.wav, James Carter, You Never Told Me That You Care,jazz
jazz.00004.wav, James Carter, The Intimacy Of My Woman's Beautiful Eyes,jazz
jazz.00005.wav, James Carter, 1944 Stomp,jazz
jazz.00006.wav, James Carter, The Stevedore's Serenade,jazz
jazz.00007.wav, James Carter, Born To Be Blue,jazz
jazz.00008.wav, James Carter, Deep Throat Blues,jazz
jazz.00009.wav, James Carter, A Ballad For A Doll,jazz
jazz.00010.wav, James Carter, Eventide,jazz
jazz.00011.wav, Joe Lovano, Lonnie's Lament,jazz
jazz.00012.wav, Joe Lovano, Reflections,jazz
jazz.00013.wav, Joe Lovano, Little Willie Leaps,jazz
jazz.00014.wav, Joe Lovano, This Is All I Ask,jazz
jazz.00015.wav, Joe Lovano, 26-2,jazz
jazz.00016.wav, Joe Lovano, Duke Ellington's Sound Of Love,jazz
jazz.00017.wav, Joe Lovano, Sounds Of Joy,jazz
jazz.00018.wav, Joe Lovano, Fort Worth,jazz
jazz.00019.wav, Joe Lovano, Birds Of Springtimes Gone By,jazz
jazz.00020.wav, Joe Lovano, I Can't Get Started,jazz
jazz.00021.wav, Joe Lovano, Uprising,jazz
jazz.00022.wav, Joe Lovano, Sail Away,jazz
jazz.00023.wav, Joe Lovano, Blues Not to Lose,jazz
jazz.00024.wav, Joe Lovano, Song And Dance,jazz
jazz.00025.wav, Branford Marsalis Trio, Roused About,jazz
jazz.00026.wav, Branford Marsalis Trio, The Beautyful Ones Are Not Yet Born,jazz
jazz.00027.wav, Branford Marsalis Trio, Xavier's Lair,jazz
jazz.00028.wav, Branford Marsalis Trio, Cain & Abel,jazz
jazz.00029.wav, Branford Marsalis Trio, Citizen Tain,jazz
jazz.00030.wav, Branford Marsalis Trio, Gilligan's Isle,jazz
jazz.00031.wav, Branford Marsalis Trio, Dewey Baby,jazz
jazz.00032.wav, Branford Marsalis Trio, Beat's Remark,jazz
jazz.00033.wav, Coleman Hawkins, Body and Soul,jazz
jazz.00034.wav, Coleman Hawkins, Dinah,jazz
jazz.00035.wav, Coleman Hawkins, April in Paris,jazz
jazz.00036.wav, Coleman Hawkins, Sugar Foot Stomp,jazz
jazz.00037.wav, Coleman Hawkins, I've Got the World On a String,jazz
jazz.00038.wav, Coleman Hawkins, Under Paris Skies,jazz
jazz.00039.wav, Coleman Hawkins, When Lights Are Low,jazz
jazz.00040.wav, Coleman Hawkins, She's Funny That Way,jazz
jazz.00041.wav, Coleman Hawkins, My Blue Heaven,jazz
jazz.00042.wav, Coleman Hawkins, Say It Isn't So,jazz
jazz.00043.wav, Coleman Hawkins, I Love Paris,jazz
jazz.00044.wav, Coleman Hawkins, Sweet Lorraine,jazz
jazz.00045.wav, Coleman Hawkins, How Strange,jazz
jazz.00046.wav, Coleman Hawkins, Spotlite,jazz
jazz.00047.wav,N/A,N/A,jazz
jazz.00048.wav,N/A,N/A,jazz
jazz.00049.wav,N/A,N/A,jazz
jazz.00050.wav,N/A,N/A,jazz
jazz.00051.wav, Coleman Hawkins, Body and Soul,jazz
jazz.00052.wav,N/A,N/A,jazz
jazz.00053.wav, Coleman Hawkins, Dinah,jazz
jazz.00054.wav,N/A,N/A,jazz
jazz.00055.wav, Coleman Hawkins, April in Paris,jazz
jazz.00056.wav,N/A,N/A,jazz
jazz.00057.wav, Coleman Hawkins, There Will Never Be Another You,jazz
jazz.00058.wav, Coleman Hawkins, Sugar Foot Stomp,jazz
jazz.00059.wav,N/A,N/A,jazz
jazz.00060.wav, Coleman Hawkins, I've Got the World On a String,jazz
jazz.00061.wav,N/A,N/A,jazz
jazz.00062.wav, Coleman Hawkins, Under Paris Skies,jazz
jazz.00063.wav,N/A,N/A,jazz
jazz.00064.wav,N/A,N/A,jazz
jazz.00065.wav, Coleman Hawkins, When Lights Are Low,jazz
jazz.00066.wav,N/A,N/A,jazz
jazz.00067.wav, Coleman Hawkins, She's Funny That Way,jazz
jazz.00068.wav, Coleman Hawkins, Say It Isn't So,jazz
jazz.00069.wav, Coleman Hawkins, I Love Paris,jazz
jazz.00070.wav, Coleman Hawkins, Sweet Lorraine,jazz
jazz.00071.wav, Coleman Hawkins, How Strang,jazz
jazz.00072.wav, Coleman Hawkins, Spotlite,jazz
jazz.00073.wav, Dexter Gordon, Scrapple From The Apple,jazz
jazz.00074.wav, Dexter Gordon, Willow Weep For Me,jazz
jazz.00075.wav, Dexter Gordon, Broadway,jazz
jazz.00076.wav, Dexter Gordon, Stairway To The Stars,jazz
jazz.00077.wav, Dexter Gordon, A Night In Tunisia,jazz
jazz.00078.wav,N/A,N/A,jazz
jazz.00079.wav,N/A,N/A,jazz
jazz.00080.wav,N/A,N/A,jazz
jazz.00081.wav,N/A,N/A,jazz
jazz.00082.wav,N/A,N/A,jazz
jazz.00083.wav, Tony Williams, Red Mask,jazz
jazz.00084.wav,N/A,N/A,jazz
jazz.00085.wav,N/A,N/A,jazz
jazz.00086.wav, Tony Williams, Blackbird,jazz
jazz.00087.wav, Miles Davis, So What,jazz
jazz.00088.wav, Miles Davis, Freddie Freeloader,jazz
jazz.00089.wav, Miles Davis, Blue in Green,jazz
jazz.00090.wav, Miles Davis, All Blues,jazz
jazz.00091.wav, Miles Davis, Flamenco Sketches,jazz
jazz.00092.wav, Miles Davis, Flamenco Sketches (alternate),jazz
jazz.00093.wav,N/A,N/A,jazz
jazz.00094.wav, Joe Henderson, Miles Ahead,jazz
jazz.00095.wav, Joe Henderson, Joshua,jazz
jazz.00096.wav, Joe Henderson, Pfrancing (No Blues),jazz
jazz.00097.wav, Joe Henderson, Flamenco Sketches,jazz
jazz.00098.wav, Joe Henderson, Milestones,jazz
jazz.00099.wav, Joe Henderson, Teo,jazz
metal.00000.wav, Falconer, Mindtraveller,metal
metal.00001.wav, Gamma Ray, Beyond The Black Hole,metal
metal.00002.wav, Iron Maiden, Flight of Icarus,metal
metal.00003.wav, Anthrax, Metal Thrashing Mad,metal
metal.00004.wav, Dark Tranquillity, Of Chaos And Eternal Night,metal
metal.00005.wav, Iron Maiden, Wasted Years,metal
metal.00006.wav,N/A,N/A,metal
metal.00007.wav, Coroner, Die By My Hand,metal
metal.00008.wav,N/A,N/A,metal
metal.00009.wav,N/A,N/A,metal
metal.00010.wav,N/A,N/A,metal
metal.00011.wav,N/A,N/A,metal
metal.00012.wav, Dark Tranquillity," Away, Delight, Away",metal
metal.00013.wav, Dark Tranquillity, Of Chaos And Eternal Night,metal
metal.00014.wav, Dark Tranquillity, With The Flaming Shades Of Fall,metal
metal.00015.wav, Dark Tranquillity, Nightfall By The Shore Of Time,metal
metal.00016.wav,N/A,N/A,metal
metal.00017.wav,N/A,N/A,metal
metal.00018.wav,N/A,N/A,metal
metal.00019.wav,N/A,N/A,metal
metal.00020.wav,N/A,N/A,metal
metal.00021.wav, Creed, I'm Eighteen,metal
metal.00022.wav, Ozzy Osbourne, Crazy Train,metal
metal.00023.wav,N/A,N/A,metal
metal.00024.wav, Jacobs Dream, Kinescope,metal
metal.00025.wav, Megadeth, Peace Sells,metal
metal.00026.wav,N/A,N/A,metal
metal.00027.wav,N/A,N/A,metal
metal.00028.wav, Motorhead, Ace Of Spades,metal
metal.00029.wav, Living Colour, Glamour Boys,metal
metal.00030.wav, Megadeth, Trust,metal
metal.00031.wav, Motorhead, Born To Raise Hell,metal
metal.00032.wav, Scorpions, Blackout,metal
metal.00033.wav, Metallica, Enter Sandman,metal
metal.00034.wav, Iron Maiden, The Trooper,metal
metal.00035.wav,N/A,N/A,metal
metal.00036.wav, Slayer, In-a-gadda-da-vida,metal
metal.00037.wav,N/A,N/A,metal
metal.00038.wav, Metallica, ...And Justice For All,metal
metal.00039.wav, Metallica, Star Wars Imperial March,metal
metal.00040.wav, Dio, Stand Up And Shout,metal
metal.00041.wav, Dio, Gypsy,metal
metal.00042.wav, Dio, Caught InThe Middle,metal
metal.00043.wav, Dio, Straight Through The Heart,metal
metal.00044.wav, Dio, Rainbow In The Dark,metal
metal.00045.wav, Dio, Shame On The Night,metal
metal.00046.wav, New Bomb Turks, Hammerless Nail,metal
metal.00047.wav, New Bomb Turks, Bachelor's High,metal
metal.00048.wav, New Bomb Turks, Professional Againster,metal
metal.00049.wav, New Bomb Turks, Cultural Elite Sign-Up Sheet,metal
metal.00050.wav, New Bomb Turks, Jukebox Lean,metal
metal.00051.wav, New Bomb Turks, Jeers Of A Clown,metal
metal.00052.wav, New Bomb Turks, Look Alive Jive,metal
metal.00053.wav, New Bomb Turks, Staring Down The Gift Horse,metal
metal.00054.wav, New Bomb Turks, Shoot The Offshoot,metal
metal.00055.wav, New Bomb Turks, Drop What You're Doin',metal
metal.00056.wav, New Bomb Turks, Telephone Numbrrr,metal
metal.00057.wav, New Bomb Turks, Wrest Your Hands,metal
metal.00058.wav, Queen, Tie Your Mother Down,metal
metal.00059.wav, Queen, Tear it up,metal
metal.00060.wav, Queen, We Will Rock You,metal
metal.00061.wav, Dio, Stand Up And Shout,metal
metal.00062.wav, Dio, Gypsy,metal
metal.00063.wav, Dio, Caught In The Middle,metal
metal.00064.wav, Dio, Straight Through The Heart,metal
metal.00065.wav, Dio, Rainbow In The Dark,metal
metal.00066.wav, Dio, Shame On The Night,metal
metal.00067.wav, AC/DC, Big Gun,metal
metal.00068.wav, Judas Priest, Breaking the Law,metal
metal.00069.wav, Black Sabbath, Paranoid,metal
metal.00070.wav, AC/DC, Highway To Hell,metal
metal.00071.wav, Def Leppard, Pour Some Sugar On Me,metal
metal.00072.wav, Deep Purple, Smoke On The Water,metal
metal.00073.wav, Metallica, The Memory Remains,metal
metal.00074.wav, Johnny Crass, Internet Sandman,metal
metal.00075.wav, Metallica, Until It Sleeps,metal
metal.00076.wav,N/A,N/A,metal
metal.00077.wav, Judas Priest, Hell Patrol,metal
metal.00078.wav, Metallica, Prince Charming,metal
metal.00079.wav, Def Leppard, Photograph,metal
metal.00080.wav, Def Leppard, Rocket,metal
metal.00081.wav, Guns N' Roses, Live and Let Die,metal
metal.00082.wav, Guns N' Roses, Welcome To The Jungle,metal
metal.00083.wav, Metallica, For Whom The Bell Tolls,metal
metal.00084.wav, Black Sabbath, Shock the Monkey,metal
metal.00085.wav, Ozzy Osbourne,N/A,metal
metal.00086.wav, Bon Jovi, You Give Love A Bad Name,metal
metal.00087.wav, Metallica, So What,metal
metal.00088.wav, Danzig, Twist of Cain,metal
metal.00089.wav,N/A,N/A,metal
metal.00090.wav, Black Sabbath, Symptom Of The Universe,metal
metal.00091.wav, Black Sabbath, Sabbath Bloody Sabbath,metal
metal.00092.wav, Iron Maiden, Run to the Hills,metal
metal.00093.wav, Iron Maiden, Phantom Of The Opera,metal
metal.00094.wav, Iron Maiden, The Trooper,metal
metal.00095.wav, Rage Against the Machine, Bombtrack,metal
metal.00096.wav, Rage Against The Machine, Killing In The Name,metal
metal.00097.wav, Rage Against The Machine, Wake Up,metal
metal.00098.wav, Rage Against The Machine, Fistful Of Steel,metal
metal.00099.wav, Rage Against The Machine, Freedom,metal
pop.00000.wav, Mandy Moore, Saturate Me,pop
pop.00001.wav, Spice Girls, Wasting My Time,pop
pop.00002.wav, Mariah Carey, My All,pop
pop.00003.wav, Alanis Morissette, Hand in my pocket,pop
pop.00004.wav, Alanis Morissette, Head Over Feet,pop
pop.00005.wav, Alanis Morissette, Ironic,pop
pop.00006.wav, Alanis Morissette, Thank U,pop
pop.00007.wav, Alanis Morissette, Uninvited,pop
pop.00008.wav, Alanis Morissette, You Learn,pop
pop.00009.wav, Alanis Morissette, You Oughta Know,pop
pop.00010.wav,N/A, I'll Be Watching You,pop
pop.00011.wav, Celine Dion, The Prayer,pop
pop.00012.wav," Aretha Franklin, Celine Dion, Mariah Carey, Shania Twain & Gloria Estefan", You Make Me Feel Like A Natural Woman,pop
pop.00013.wav, Babyface, Every Time I Close My Eyes,pop
pop.00014.wav,N/A, I'll Be Watching You,pop
pop.00015.wav, Britney Spears, (You Drive Me) Crazy,pop
pop.00016.wav, Britney Spears, (I Can't Get No) Satisfaction,pop
pop.00017.wav, Britney Spears, (I Can't Get No) Satisfaction,pop
pop.00018.wav, Britney Spears, Autumn Goodbye,pop
pop.00019.wav, Britney Spears, Baby One More Time,pop
pop.00020.wav, Britney Spears, Can't Make You Love Me,pop
pop.00021.wav, Britney Spears, (You Drive Me) Crazy,pop
pop.00022.wav, Britney Spears, (You Drive Me) Crazy,pop
pop.00023.wav, Britney Spears, I'm So Curious,pop
pop.00024.wav, Britney Spears, Deep in my heart,pop
pop.00025.wav, Britney Spears, From The Bottom Of My Broken Heart,pop
pop.00026.wav, Britney Spears, I'll Never Stop Loving You,pop
pop.00027.wav, Britney Spears, Born To Make You Happy,pop
pop.00028.wav, Britney Spears, I Will Be There,pop
pop.00029.wav, Britney Spears, I Will Still Love You,pop
pop.00030.wav, Britney Spears, Lucky,pop
pop.00031.wav, Britney Spears, Lucky,pop
pop.00032.wav, Britney Spears, Oops I did it again,pop
pop.00033.wav, Britney Spears, Pepsi Now and Then,pop
pop.00034.wav, Britney Spears, Sometimes,pop
pop.00035.wav, Britney Spears, Stronger,pop
pop.00036.wav, Britney Spears, Thinkin' About You,pop
pop.00037.wav, Britney Spears, (You Drive Me) Crazy,pop
pop.00038.wav, Britney Spears, What U See (is what you get),pop
pop.00039.wav, Celine Dion, Dreamin' Of You,pop
pop.00040.wav, Celine Dion, I want you to need me,pop
pop.00041.wav, Peabo Bryson & Regina Belle, A Whole New World,pop
pop.00042.wav, Celine Dion, That's The Way It Is,pop
pop.00043.wav, Cher, Believe,pop
pop.00044.wav, Christina Aguilera, Come On Over (All I Want Is You),pop
pop.00045.wav, Christina Aguilera, Genie In A Bottle,pop
pop.00046.wav, Christina Aguilera, Genie In A Bottle,pop
pop.00047.wav, Christina Aguilera, Lady Marmalade,pop
pop.00048.wav, Christina Aguilera, Lady Marmalade,pop
pop.00049.wav, Christina Aguilera, Pero Me Acuerdo De Ti,pop
pop.00050.wav, Christina Aguilera, What a girl wants,pop
pop.00051.wav, Christina Aguilera, Lady Marmalade,pop
pop.00052.wav, Destiny's Child, Bootylicious,pop
pop.00053.wav, Destiny's Child, Outro Amazing Grace,pop
pop.00054.wav, Destiny's Child, Bootylicious,pop
pop.00055.wav, Destiny's Child, Bug A Boo,pop
pop.00056.wav, Destiny's Child," Jumpin', Jumpin'",pop
pop.00057.wav, Destiny's Child, Bootylicious,pop
pop.00058.wav, Destiny's Child, Independent Women Part I,pop
pop.00059.wav, Destiny's Child," Jumpin', Jumpin'",pop
pop.00060.wav, Destiny's Child, Bootylicious,pop
pop.00061.wav, Destiny's Child, Apple Pie a La Mode,pop
pop.00062.wav, Destiny's Child, Survivor,pop
pop.00063.wav, Diana Ross, Ain't No Mountain High Enough,pop
pop.00064.wav,N/A,N/A,pop
pop.00065.wav, Prince, The Beautiful Ones,pop
pop.00066.wav, Enrique Iglesias, Could I Have This Kiss Forever,pop
pop.00067.wav, Janet Jackson, All For You,pop
pop.00068.wav, Janet Jackson, Someone To Call My Lover,pop
pop.00069.wav, Michael Jackson & Janet Jackson, Scream,pop
pop.00070.wav, Janet Jackson, I Get Lonely,pop
pop.00071.wav, Janet Jackson, All For You,pop
pop.00072.wav, Janet Jackson, Miss You Much,pop
pop.00073.wav, Janet Jackson, Someone To Call My Lover,pop
pop.00074.wav, Jennifer Lopez, I'm Real (Remix),pop
pop.00075.wav, Jennifer Lopez, If you had my love,pop
pop.00076.wav, Jennifer Lopez, Dance With Me,pop
pop.00077.wav, Jennifer Lopez, I'm Real,pop
pop.00078.wav, Jennifer Lopez, Play,pop
pop.00079.wav, Kate Bush, Couldbusting,pop
pop.00080.wav, Christina Aguilera, Lady Marmalade,pop
pop.00081.wav, Ladysmith Black Mambazo, Leaning On The Everlasting Arm,pop
pop.00082.wav, Jennifer Lopez, If you had my love,pop
pop.00083.wav,N/A, American Pie,pop
pop.00084.wav, Madonna, Don't Tell Me,pop
pop.00085.wav, Madonna, Hey Mr. DJ,pop
pop.00086.wav, Madonna, Cherish,pop
pop.00087.wav, Mandy Moore, Crush,pop
pop.00088.wav, Mandy Moore, Candy,pop
pop.00089.wav, Mandy Moore, Candy,pop
pop.00090.wav, Mandy Moore, Crush,pop
pop.00091.wav, Mandy Moore, Everything My Heart Desires,pop
pop.00092.wav, Mandy Moore, In My Pocket,pop
pop.00093.wav, Mandy Moore, I Wanna Be With You,pop
pop.00094.wav, Mandy Moore, I Wanna Be With You,pop
pop.00095.wav, Mandy Moore, Love you for always,pop
pop.00096.wav, Mandy Moore, Quit Breaking My Heart,pop
pop.00097.wav, Mariah Carey, Sweetheart,pop
pop.00098.wav, Mariah Carey, Emotions,pop
pop.00099.wav, Mariah Carey, Always Be My Baby,pop
reggae.00000.wav, Bob Marley, Is This Love,reggae
reggae.00001.wav, Bob Marley, No Woman No Cry,reggae
reggae.00002.wav, Bob Marley, Could You Be Loved,reggae
reggae.00003.wav, Bob Marley, Three Little Birds,reggae
reggae.00004.wav, Bob Marley, Buffalo Soldier,reggae
reggae.00005.wav, Bob Marley," Get Up, Stand Up",reggae
reggae.00006.wav, Bob Marley, Stir it Up,reggae
reggae.00007.wav, Bob Marley, One Love,reggae
reggae.00008.wav, Bob Marley, I shot the Sheriff,reggae
reggae.00009.wav, Bob Marley, Waiting in vain,reggae
reggae.00010.wav, Bob Marley, Redemption Song,reggae
reggae.00011.wav, Bob Marley, Satisfy My Soul,reggae
reggae.00012.wav, Bob Marley, Exodus,reggae
reggae.00013.wav, Bob Marley, Jamming,reggae
reggae.00014.wav, Bob Marley, Natural Mystic,reggae
reggae.00015.wav, Bob Marley, Easy Skanking,reggae
reggae.00016.wav, Bob Marley, Iron Lion Zion,reggae
reggae.00017.wav, Bob Marley, Crazy Baldhead,reggae
reggae.00018.wav, Bob Marley, So Much Trouble In The World,reggae
reggae.00019.wav, Bob Marley, War,reggae
reggae.00020.wav, Bob Marley, Africa Unite,reggae
reggae.00021.wav, Bob Marley, Trenchtown Rock,reggae
reggae.00022.wav, Bob Marley, Keep On Moving,reggae
reggae.00023.wav, Bob Marley, Sun Is Shining,reggae
reggae.00024.wav, Bob Marley, Who The Cap Fits,reggae
reggae.00025.wav, Bob Marley, One Drop,reggae
reggae.00026.wav, Bob Marley," Roots, Rock, Reggae",reggae
reggae.00027.wav, Bob Marley, Pimper's Paradise,reggae
reggae.00028.wav,N/A,N/A,reggae
reggae.00029.wav,N/A,N/A,reggae
reggae.00030.wav,N/A,N/A,reggae
reggae.00031.wav,N/A,N/A,reggae
reggae.00032.wav,N/A,N/A,reggae
reggae.00033.wav, Burning Spear, Burning Reggae,reggae
reggae.00034.wav,N/A,N/A,reggae
reggae.00035.wav,N/A,N/A,reggae
reggae.00036.wav,N/A,N/A,reggae
reggae.00037.wav,N/A,N/A,reggae
reggae.00038.wav,N/A,N/A,reggae
reggae.00039.wav,N/A,N/A,reggae
reggae.00040.wav,N/A,N/A,reggae
reggae.00041.wav, Desmond Dekker, Israelites,reggae
reggae.00042.wav, Burning Spear, Dry and Heavy,reggae
reggae.00043.wav, The Ethiopians, Reggae Hit the Town,reggae
reggae.00044.wav, Burning Spear, Burning Reggae,reggae
reggae.00045.wav,N/A,N/A,reggae
reggae.00046.wav, Dennis Brown, It's Magic,reggae
reggae.00047.wav, Dennis Brown, Money in My Pocket,reggae
reggae.00048.wav, Dennis Brown, Westbound Train,reggae
reggae.00049.wav, Desmond Dekker, Shanty Town,reggae
reggae.00050.wav, Burning Spear, Identity,reggae
reggae.00051.wav,N/A,N/A,reggae
reggae.00052.wav, Pras, Ghetto Superstar (That Is What You Are),reggae
reggae.00053.wav,N/A,N/A,reggae
reggae.00054.wav, Bob Marley, Three Little Birds,reggae
reggae.00055.wav, Bob Marley, Sun Is Shining (remix),reggae
reggae.00056.wav, Bob Marley," Get Up, Stand Up",reggae
reggae.00057.wav, Bob Marley, I shot the Sheriff,reggae
reggae.00058.wav, Bob Marley, Jamming,reggae
reggae.00059.wav, Bob Marley, One Love,reggae
reggae.00060.wav, Bob Marley, Redemption Song,reggae
reggae.00061.wav, Bounty Killer, Living Dangerously,reggae
reggae.00062.wav,N/A,N/A,reggae
reggae.00063.wav, Burning Spear, Marcus Garvey,reggae
reggae.00064.wav, Dennis Brown, Make It Easy,reggae
reggae.00065.wav, Dennis Brown,N/A,reggae
reggae.00066.wav, Dennis Brown, Sitting And Watching,reggae
reggae.00067.wav, Dennis Brown, Some like it hot,reggae
reggae.00068.wav, Dennis Brown, Wolf and Leopards,reggae
reggae.00069.wav, Desmond Dekker, Israelites,reggae
reggae.00070.wav, Gregory Isaacs, John Law,reggae
reggae.00071.wav, Dennis Brown, Big Ships,reggae
reggae.00072.wav, Freddie McGregor, Prophecy,reggae
reggae.00073.wav, Bounty Killer, Hip-Hopera,reggae
reggae.00074.wav, Bounty Killer, Hip-Hopera,reggae
reggae.00075.wav, Peter Tosh, Legalize It,reggae
reggae.00076.wav, Gregory Isaacs, Night Nurse,reggae
reggae.00077.wav, Gregory Isaacs, The Border,reggae
reggae.00078.wav, Gregory Isaacs, Universal Tribulation,reggae
reggae.00079.wav,N/A,N/A,reggae
reggae.00080.wav, Ini Kamoze, Here Comes The Hot Stepper(remix),reggae
reggae.00081.wav, Ini Kamoze, Here Comes The Hot Stepper(remix),reggae
reggae.00082.wav, Ini Kamoze, Here Comes The Hot Stepper(remix),reggae
reggae.00083.wav, Jimmy Cliff, Many Rivers To Cross,reggae
reggae.00084.wav, Jimmy Cliff, The Harder They Come,reggae
reggae.00085.wav, Prince Buster, Judge Dread,reggae
reggae.00086.wav, King Tubby, Splash Out Dub,reggae
reggae.00087.wav, Lauryn Hill and Bob Marley, Turn Your Lights Down Low,reggae
reggae.00088.wav, Marcia Griffiths, Electric Boogie,reggae
reggae.00089.wav, The Now Generation, Boney Dog,reggae
reggae.00090.wav,N/A,N/A,reggae
reggae.00091.wav, Peter Tosh, Legalize It,reggae
reggae.00092.wav, Peter Tosh, Legalize It,reggae
reggae.00093.wav, Peter Tosh and Mick Jagger, Don't Look Back,reggae
reggae.00094.wav, Prince Buster, Ten Commandments,reggae
reggae.00095.wav, Prince Buster, Madness,reggae
reggae.00096.wav, Prince Buster, Barrister Pardon,reggae
reggae.00097.wav, Prince Buster, Here Comes The Bride,reggae
reggae.00098.wav, Prince Buster, Rude Rude Rudee,reggae
reggae.00099.wav, Prince Buster, Al Capone,reggae
rock.00000.wav, Morphine, Potion,rock
rock.00001.wav, Morphine, I Know You Pt. III,rock
rock.00002.wav, Morphine, Early To Bed,rock
rock.00003.wav, Morphine, Wishing Well,rock
rock.00004.wav, Morphine, Like Swimming,rock
rock.00005.wav, Morphine, Murder For The Money,rock
rock.00006.wav, Morphine, French Fries with Pepper,rock
rock.00007.wav, Morphine, Empty Box,rock
rock.00008.wav, Morphine, Eleven O'Clock,rock
rock.00009.wav, Morphine, Hanging On A Curtain,rock
rock.00010.wav, Ani DiFranco, Worthy,rock
rock.00011.wav, Ani DiFranco, Cradle and All,rock
rock.00012.wav, Ani DiFranco, Shy,rock
rock.00013.wav, Ani DiFranco, 32 Flavors,rock
rock.00014.wav, Ani DiFranco, Asking Too Much,rock
rock.00015.wav, Ani DiFranco, Coming Up,rock
rock.00016.wav, Queen, Tie Your Mother Down,rock
rock.00017.wav, Queen, Under Pressure,rock
rock.00018.wav, Queen, Another One Bites the Dust,rock
rock.00019.wav, Queen, I Want To Break Free,rock
rock.00020.wav, Queen, (You're So Square) Baby I Don't Care,rock
rock.00021.wav, Queen, Hello Mary Lou (Goodbye Heart),rock
rock.00022.wav, Queen, Tutti Frutti,rock
rock.00023.wav, Queen, Bohemian rhapsody,rock
rock.00024.wav, Queen, Crazy Little Thing Called Love,rock
rock.00025.wav, Queen, Big spender,rock
rock.00026.wav, Queen, Radio Ga Ga,rock
rock.00027.wav, The Beach Boys, Good Vibrations,rock
rock.00028.wav, The Rolling Stones, Jumpin' Jack Flash,rock
rock.00029.wav, The Rolling Stones, Street Fighting Man,rock
rock.00030.wav, The Rolling Stones, Sympathy for the devil,rock
rock.00031.wav, The Rolling Stones, Honky Tonk Women,rock
rock.00032.wav, Led Zeppelin, All my love,rock
rock.00033.wav, The Rolling Stones, Gimme Shelter,rock
rock.00034.wav, David Bowie, Major Tom,rock
rock.00035.wav, The Rolling Stones, Midnight Rambler,rock
rock.00036.wav, Billy Joel, Movin' Out,rock
rock.00037.wav, The Rolling Stones, Brown Sugar,rock
rock.00038.wav, Guns N' Roses, Knockin' On Heaven's Door,rock
rock.00039.wav, Led Zeppelin, The Song Remains The Same,rock
rock.00040.wav, Led Zeppelin, The Crunge,rock
rock.00041.wav, Led Zeppelin, Dancing Days,rock
rock.00042.wav, Led Zeppelin, D'yer Mak'er,rock
rock.00043.wav, Led Zeppelin, The Ocean,rock
rock.00044.wav, Led Zeppelin, Down By The Seaside,rock
rock.00045.wav, Led Zeppelin, Ten Years Gone,rock
rock.00046.wav, Led Zeppelin, Night Flight,rock
rock.00047.wav, Led Zeppelin, The Wanton Song,rock
rock.00048.wav, Led Zeppelin, Boogie With Stu,rock
rock.00049.wav, Simple Minds, Real Life,rock
rock.00050.wav, Simple Minds, See The Lights,rock
rock.00051.wav, Simple Minds, Let There Be Love,rock
rock.00052.wav, Simple Minds, Woman,rock
rock.00053.wav, Simple Minds, Stand By Love,rock
rock.00054.wav, Simple Minds, Let the Children Speak,rock
rock.00055.wav, Simple Minds, African Skies,rock
rock.00056.wav, Simple Minds, Ghostrider,rock
rock.00057.wav, Sting, If you love somebody set them free,rock
rock.00058.wav, Sting, Russians,rock
rock.00059.wav, Sting, Children's Crusade,rock
rock.00060.wav, Sting, Shadows In The Rain,rock
rock.00061.wav, Sting, We Work The Black Seam,rock
rock.00062.wav, Sting, Consider Me Gone,rock
rock.00063.wav, Sting, Moon Over Bourbon Street,rock
rock.00064.wav, Jethro Tull, Living In The Past,rock
rock.00065.wav, Jethro Tull, Aqualung,rock
rock.00066.wav, Jethro Tull," Too Old To Rock 'N' Roll, Too Young To Die",rock
rock.00067.wav, Jethro Tull, Bungle In The Jungle,rock
rock.00068.wav, Jethro Tull, Sweet Dream,rock
rock.00069.wav, Jethro Tull, Witches Promise,rock
rock.00070.wav, Jethro Tull, Life Is A Long Song,rock
rock.00071.wav, Simply Red, Something Got Me Started,rock
rock.00072.wav, Simply Red, Stars,rock
rock.00073.wav, Simply Red, Thrill Me,rock
rock.00074.wav, Simply Red, Your Mirror,rock
rock.00075.wav, Simply Red, She's Got It Bad,rock
rock.00076.wav, Simply Red, For Your Babies,rock
rock.00077.wav, Simply Red, Freedom,rock
rock.00078.wav, Simply Red, Wonderland,rock
rock.00079.wav, Survivor, High On You,rock
rock.00080.wav, Survivor, Is This Love,rock
rock.00081.wav, Survivor, Poor Man's Son,rock
rock.00082.wav, Survivor, Burning Heart,rock
rock.00083.wav, Survivor, Desparate Dreams,rock
rock.00084.wav, Survivor, How Much Love,rock
rock.00085.wav, Survivor, Man Against The World,rock
rock.00086.wav, Rick Springfield, Jessie's Girl,rock
rock.00087.wav, Neil Young, Rockin' In The Free World,rock
rock.00088.wav, Billy Squier, The Stroke,rock
rock.00089.wav, Bob Seger, Against The Wind,rock
rock.00090.wav, The Tokens, The Lion Sleeps Tonight,rock
rock.00091.wav, The Stone Roses, She Bangs The Drums,rock
rock.00092.wav, The Stone Roses, Elephant Stone,rock
rock.00093.wav, The Stone Roses, Waterfall,rock
rock.00094.wav, The Stone Roses, Don't Stop,rock
rock.00095.wav, The Stone Roses, Bye Bye Bad Man,rock
rock.00096.wav, The Stone Roses, (Song For My) Sugar Spun Sister,rock
rock.00097.wav, The Stone Roses, Made Of Stone,rock
rock.00098.wav, The Stone Roses, Shoot You Down,rock
rock.00099.wav, The Stone Roses, This Is The One,rock
